{"cameraMode":{"drawMode":0,"name":"Shaded","section":"Shading Mode"},"sceneLighting":true,"audioPlay":false,"sceneViewState":{"m_AlwaysRefresh":false,"showFog":true,"showSkybox":true,"showFlares":true,"showImageEffects":true,"showParticleSystems":true,"showVisualEffectGraphs":true,"m_FxEnabled":true},"in2DMode":false,"pivot":{"x":-0.8579636812210083,"y":-63.065921783447269,"z":-68.65575408935547},"rotation":{"x":0.00563412718474865,"y":0.9236094355583191,"z":-0.38324204087257388,"w":0.01518192607909441},"size":56.00467300415039,"orthographic":false}